date,stock_symbol,action,amount
2024-06-17,APD,buy,501.42
2024-06-17,AVB,buy,501.42
2024-06-17,CHD,buy,501.42
2024-06-17,CNP,buy,501.42
2024-06-17,COST,buy,501.42
2024-06-17,DUK,buy,501.42
2024-06-17,ESS,buy,501.42
2024-06-17,KDP,buy,501.42
2024-06-17,LMT,buy,501.42
2024-06-17,MSI,buy,501.42
2024-06-17,NTAP,buy,501.42
2024-06-17,PCG,buy,501.42
2024-06-17,PEG,buy,501.42
2024-06-17,PM,buy,501.42
2024-06-17,TEL,buy,501.42
2024-06-17,TMUS,buy,501.42
2024-06-17,UDR,buy,501.42
2024-06-17,VTR,buy,501.42
2024-06-17,WELL,buy,501.42
2024-06-17,WMT,buy,501.42
2024-06-24,APD,sell,502.85
2024-06-24,AVB,sell,2.31
2024-06-24,CHD,sell,2.31
2024-06-24,CNP,sell,2.31
2024-06-24,COST,sell,2.31
2024-06-24,CPT,buy,500.54
2024-06-24,CTAS,buy,500.54
2024-06-24,DUK,sell,502.85
2024-06-24,ECL,buy,500.54
2024-06-24,ESS,sell,2.31
2024-06-24,KDP,sell,2.31
2024-06-24,LMT,sell,2.31
2024-06-24,MAA,buy,500.54
2024-06-24,MSI,sell,2.31
2024-06-24,NTAP,sell,2.31
2024-06-24,PCG,sell,502.85
2024-06-24,PEG,sell,502.85
2024-06-24,PG,buy,500.54
2024-06-24,PM,sell,502.85
2024-06-24,TEL,sell,2.31
2024-06-24,TMUS,sell,2.31
2024-06-24,UDR,sell,2.31
2024-06-24,VTR,sell,2.31
2024-06-24,WELL,sell,2.31
2024-06-24,WMT,sell,2.31
2024-07-01,AVB,buy,1.77
2024-07-01,CHD,sell,498.24
2024-07-01,CL,buy,500.01
2024-07-01,CNP,buy,1.77
2024-07-01,COST,buy,1.77
2024-07-01,CPT,sell,498.24
2024-07-01,CTAS,sell,498.24
2024-07-01,ECL,sell,498.24
2024-07-01,EQR,buy,500.01
2024-07-01,ESS,sell,498.24
2024-07-01,ISRG,buy,500.01
2024-07-01,KDP,sell,498.24
2024-07-01,KO,buy,500.01
2024-07-01,LMT,buy,1.77
2024-07-01,MAA,buy,1.77
2024-07-01,MSI,buy,1.77
2024-07-01,NTAP,buy,1.77
2024-07-01,PG,buy,1.77
2024-07-01,PM,buy,500.01
2024-07-01,REG,buy,500.01
2024-07-01,TEL,sell,498.24
2024-07-01,TJX,buy,500.01
2024-07-01,TMUS,buy,1.77
2024-07-01,UDR,buy,1.77
2024-07-01,VTR,buy,1.77
2024-07-01,WELL,buy,1.77
2024-07-01,WMT,buy,1.77
2024-07-08,AVB,buy,4.76
2024-07-08,BAC,buy,506.55
2024-07-08,CL,buy,4.76
2024-07-08,CNP,buy,4.76
2024-07-08,COST,buy,4.76
2024-07-08,EQR,sell,501.79
2024-07-08,GS,buy,506.55
2024-07-08,ISRG,sell,501.79
2024-07-08,KO,buy,4.76
2024-07-08,LLY,buy,506.55
2024-07-08,LMT,sell,501.79
2024-07-08,MAA,sell,501.79
2024-07-08,MSI,buy,4.76
2024-07-08,NTAP,buy,4.76
2024-07-08,NWS,buy,506.55
2024-07-08,NWSA,buy,506.55
2024-07-08,PG,buy,4.76
2024-07-08,PM,buy,4.76
2024-07-08,REG,sell,501.79
2024-07-08,SPGI,buy,506.55
2024-07-08,TJX,buy,4.76
2024-07-08,TMUS,sell,501.79
2024-07-08,UDR,buy,4.76
2024-07-08,VRSK,buy,506.55
2024-07-08,VTR,buy,4.76
2024-07-08,WELL,buy,4.76
2024-07-08,WMT,sell,501.79
2024-07-15,AAPL,buy,507.23
2024-07-15,AMAT,buy,507.23
2024-07-15,AVB,sell,511.35
2024-07-15,BAC,sell,4.11
2024-07-15,CL,sell,4.11
2024-07-15,CNP,sell,511.35
2024-07-15,COST,sell,511.35
2024-07-15,CTAS,buy,507.23
2024-07-15,ECL,buy,507.23
2024-07-15,GS,sell,511.35
2024-07-15,IRM,buy,507.23
2024-07-15,ISRG,buy,507.23
2024-07-15,KO,sell,511.35
2024-07-15,LLY,sell,4.11
2024-07-15,MCO,buy,507.23
2024-07-15,MSI,sell,4.11
2024-07-15,NTAP,sell,4.11
2024-07-15,NWS,sell,4.11
2024-07-15,NWSA,sell,4.11
2024-07-15,PG,sell,511.35
2024-07-15,PM,sell,4.11
2024-07-15,SPGI,sell,4.11
2024-07-15,TJX,sell,4.11
2024-07-15,UDR,sell,511.35
2024-07-15,VRSK,sell,4.11
2024-07-15,VTR,sell,4.11
2024-07-15,WELL,sell,4.11
2024-07-22,AAPL,sell,503.15
2024-07-22,AMAT,sell,503.15
2024-07-22,BAC,buy,4.8
2024-07-22,BSX,buy,507.95
2024-07-22,CL,buy,4.8
2024-07-22,CTAS,buy,4.8
2024-07-22,ECL,sell,503.15
2024-07-22,FOX,buy,507.95
2024-07-22,IBM,buy,507.95
2024-07-22,IRM,buy,4.8
2024-07-22,ISRG,buy,4.8
2024-07-22,JNPR,buy,507.95
2024-07-22,LLY,sell,503.15
2024-07-22,MCO,sell,503.15
2024-07-22,MSI,buy,4.8
2024-07-22,NTAP,buy,4.8
2024-07-22,NWS,buy,4.8
2024-07-22,NWSA,buy,4.8
2024-07-22,PM,buy,4.8
2024-07-22,REG,buy,507.95
2024-07-22,SPGI,buy,4.8
2024-07-22,TJX,buy,4.8
2024-07-22,VRSK,buy,4.8
2024-07-22,VTR,sell,503.15
2024-07-22,WELL,buy,4.8
2024-07-22,WTW,buy,507.95
2024-07-29,APO,buy,508.12
2024-07-29,BAC,sell,4.68
2024-07-29,BSX,sell,512.8
2024-07-29,CL,sell,4.68
2024-07-29,CTAS,sell,512.8
2024-07-29,FOX,sell,4.68
2024-07-29,GS,buy,508.12
2024-07-29,IBM,sell,4.68
2024-07-29,IRM,sell,4.68
2024-07-29,ISRG,sell,4.68
2024-07-29,JNPR,sell,4.68
2024-07-29,LIN,buy,508.12
2024-07-29,MSI,sell,4.68
2024-07-29,NTAP,sell,4.68
2024-07-29,NWS,sell,4.68
2024-07-29,NWSA,sell,4.68
2024-07-29,PM,sell,4.68
2024-07-29,REG,sell,512.8
2024-07-29,SPGI,sell,4.68
2024-07-29,TJX,sell,4.68
2024-07-29,VRSK,sell,4.68
2024-07-29,VTR,buy,508.12
2024-07-29,WELL,sell,4.68
2024-07-29,WTW,sell,512.8
2024-08-05,AFL,buy,505.32
2024-08-05,AJG,buy,505.32
2024-08-05,APO,sell,503.48
2024-08-05,BAC,sell,503.48
2024-08-05,CL,buy,1.84
2024-08-05,FOX,sell,503.48
2024-08-05,GDDY,buy,505.32
2024-08-05,GS,sell,503.48
2024-08-05,IBM,buy,1.84
2024-08-05,IRM,buy,1.84
2024-08-05,ISRG,buy,1.84
2024-08-05,JNPR,buy,1.84
2024-08-05,KO,buy,505.32
2024-08-05,LIN,buy,1.84
2024-08-05,MCO,buy,505.32
2024-08-05,MMC,buy,505.32
2024-08-05,MSI,buy,1.84
2024-08-05,NTAP,sell,503.48
2024-08-05,NWS,sell,503.48
2024-08-05,NWSA,sell,503.48
2024-08-05,PG,buy,505.32
2024-08-05,PM,buy,1.84
2024-08-05,SPGI,buy,1.84
2024-08-05,TJX,buy,1.84
2024-08-05,VRSK,sell,503.48
2024-08-05,VRSN,buy,505.32
2024-08-05,VTR,buy,1.84
2024-08-05,WELL,buy,1.84
2024-08-12,AFL,buy,5.84
2024-08-12,AJG,sell,507.17
2024-08-12,CL,buy,5.84
2024-08-12,CTAS,buy,513.01
2024-08-12,FI,buy,513.01
2024-08-12,FOX,buy,513.01
2024-08-12,FOXA,buy,513.01
2024-08-12,GDDY,buy,5.84
2024-08-12,IBM,buy,5.84
2024-08-12,IRM,buy,5.84
2024-08-12,ISRG,buy,5.84
2024-08-12,JNPR,buy,5.84
2024-08-12,KO,buy,5.84
2024-08-12,LIN,buy,5.84
2024-08-12,MCO,buy,5.84
2024-08-12,MMC,sell,507.17
2024-08-12,MSI,buy,5.84
2024-08-12,PG,buy,5.84
2024-08-12,PM,buy,5.84
2024-08-12,SPGI,sell,507.17
2024-08-12,TJX,buy,5.84
2024-08-12,VRSN,sell,507.17
2024-08-12,VTR,buy,5.84
2024-08-12,WELL,buy,5.84
2024-08-19,AFL,buy,12.5
2024-08-19,AVB,buy,531.41
2024-08-19,CL,buy,12.5
2024-08-19,CPT,buy,531.41
2024-08-19,CTAS,buy,12.5
2024-08-19,FI,buy,12.5
2024-08-19,FOX,buy,12.5
2024-08-19,FOXA,sell,518.91
2024-08-19,FRT,buy,531.41
2024-08-19,GDDY,sell,518.91
2024-08-19,IBM,sell,518.91
2024-08-19,IRM,buy,12.5
2024-08-19,ISRG,buy,12.5
2024-08-19,JNPR,buy,12.5
2024-08-19,KO,buy,12.5
2024-08-19,LIN,buy,12.5
2024-08-19,LNT,buy,531.41
2024-08-19,MAA,buy,531.41
2024-08-19,MCO,sell,518.91
2024-08-19,MSI,buy,12.5
2024-08-19,O,buy,531.41
2024-08-19,PG,sell,518.91
2024-08-19,PM,sell,518.91
2024-08-19,PSA,buy,531.41
2024-08-19,TJX,sell,518.91
2024-08-19,TRGP,buy,531.41
2024-08-19,VTR,buy,12.5
2024-08-19,WELL,sell,518.91
2024-08-26,AFL,sell,544.22
2024-08-26,AVB,buy,10.18
2024-08-26,BLK,buy,554.4
2024-08-26,CL,buy,10.18
2024-08-26,CPT,buy,10.18
2024-08-26,CTAS,buy,10.18
2024-08-26,EFX,buy,554.4
2024-08-26,FI,buy,10.18
2024-08-26,FICO,buy,554.4
2024-08-26,FOX,sell,544.22
2024-08-26,FRT,sell,544.22
2024-08-26,IBM,buy,554.4
2024-08-26,ICE,buy,554.4
2024-08-26,IRM,buy,10.18
2024-08-26,ISRG,buy,10.18
2024-08-26,IT,buy,554.4
2024-08-26,JNPR,buy,10.18
2024-08-26,KO,sell,544.22
2024-08-26,LIN,sell,544.22
2024-08-26,LNT,sell,544.22
2024-08-26,MAA,buy,10.18
2024-08-26,MCO,buy,554.4
2024-08-26,MSI,buy,10.18
2024-08-26,O,sell,544.22
2024-08-26,PSA,buy,10.18
2024-08-26,SPGI,buy,554.4
2024-08-26,TRGP,sell,544.22
2024-08-26,VTR,buy,10.18
2024-09-02,AFL,buy,557.85
2024-09-02,AVB,sell,6.91
2024-09-02,BLK,sell,6.91
2024-09-02,CL,sell,6.91
2024-09-02,CPT,sell,6.91
2024-09-02,CTAS,sell,6.91
2024-09-02,EFX,sell,6.91
2024-09-02,ERIE,buy,557.85
2024-09-02,FI,sell,564.76
2024-09-02,FICO,sell,564.76
2024-09-02,IBM,sell,6.91
2024-09-02,ICE,sell,6.91
2024-09-02,IRM,sell,6.91
2024-09-02,ISRG,sell,564.76
2024-09-02,IT,sell,564.76
2024-09-02,JNPR,sell,6.91
2024-09-02,KIM,buy,557.85
2024-09-02,LNT,buy,557.85
2024-09-02,MAA,sell,564.76
2024-09-02,MCO,sell,6.91
2024-09-02,MSI,sell,6.91
2024-09-02,NI,buy,557.85
2024-09-02,PSA,sell,6.91
2024-09-02,SPGI,sell,6.91
2024-09-02,VTR,sell,6.91
2024-09-09,AFL,buy,5.48
2024-09-09,AVB,buy,5.48
2024-09-09,BLK,sell,551.02
2024-09-09,CL,buy,5.48
2024-09-09,CPT,sell,551.02
2024-09-09,CTAS,sell,551.02
2024-09-09,EFX,sell,551.02
2024-09-09,ERIE,buy,5.48
2024-09-09,IBM,buy,5.48
2024-09-09,ICE,buy,5.48
2024-09-09,IRM,sell,551.02
2024-09-09,JNPR,buy,5.48
2024-09-09,KIM,sell,551.02
2024-09-09,LNT,buy,5.48
2024-09-09,MCO,buy,5.48
2024-09-09,MKC,buy,556.51
2024-09-09,MKTX,buy,556.51
2024-09-09,MO,buy,556.51
2024-09-09,MSI,sell,551.02
2024-09-09,NDAQ,buy,556.51
2024-09-09,NI,buy,5.48
2024-09-09,O,buy,556.51
2024-09-09,PM,buy,556.51
2024-09-09,PSA,sell,551.02
2024-09-09,SPGI,buy,5.48
2024-09-09,TSN,buy,556.51
2024-09-09,VTR,buy,5.48
2024-09-09,ZTS,buy,556.51
2024-09-16,AFL,sell,4.22
2024-09-16,AVB,sell,562.04
2024-09-16,CL,sell,562.04
2024-09-16,CMS,buy,557.82
2024-09-16,EIX,buy,557.82
2024-09-16,ERIE,sell,4.22
2024-09-16,FE,buy,557.82
2024-09-16,FI,buy,557.82
2024-09-16,FRT,buy,557.82
2024-09-16,IBM,sell,4.22
2024-09-16,ICE,sell,562.04
2024-09-16,JNPR,sell,4.22
2024-09-16,LNT,sell,4.22
2024-09-16,MCO,sell,562.04
2024-09-16,MKC,sell,4.22
2024-09-16,MKTX,sell,4.22
2024-09-16,MO,sell,562.04
2024-09-16,NDAQ,sell,562.04
2024-09-16,NI,sell,4.22
2024-09-16,O,sell,4.22
2024-09-16,PM,sell,4.22
2024-09-16,PNW,buy,557.82
2024-09-16,SPGI,sell,4.22
2024-09-16,TSN,sell,562.04
2024-09-16,VTR,sell,4.22
2024-09-16,WELL,buy,557.82
2024-09-16,ZTS,sell,4.22
2024-09-23,AFL,sell,0.33
2024-09-23,CB,buy,553.3
2024-09-23,CMS,sell,0.33
2024-09-23,EIX,sell,0.33
2024-09-23,ERIE,sell,0.33
2024-09-23,FE,sell,0.33
2024-09-23,FI,sell,0.33
2024-09-23,FRT,sell,553.63
2024-09-23,GL,buy,553.3
2024-09-23,IBM,sell,0.33
2024-09-23,JNPR,sell,0.33
2024-09-23,LNT,sell,0.33
2024-09-23,MCO,buy,553.3
2024-09-23,MKC,sell,553.63
2024-09-23,MKTX,sell,0.33
2024-09-23,NDAQ,buy,553.3
2024-09-23,NI,sell,0.33
2024-09-23,O,sell,553.63
2024-09-23,PGR,buy,553.3
2024-09-23,PM,sell,553.63
2024-09-23,PNW,sell,553.63
2024-09-23,PPL,buy,553.3
2024-09-23,PSA,buy,553.3
2024-09-23,SPGI,sell,0.33
2024-09-23,VTR,sell,553.63
2024-09-23,WELL,sell,553.63
2024-09-23,XEL,buy,553.3
2024-09-23,ZTS,sell,553.63
2024-09-30,AFL,buy,3.88
2024-09-30,AIZ,buy,556.85
2024-09-30,ATO,buy,556.85
2024-09-30,CB,buy,3.88
2024-09-30,CMS,buy,3.88
2024-09-30,EIX,buy,3.88
2024-09-30,ERIE,buy,3.88
2024-09-30,ETR,buy,556.85
2024-09-30,FE,sell,552.97
2024-09-30,FI,buy,3.88
2024-09-30,GEHC,buy,556.85
2024-09-30,GL,sell,552.97
2024-09-30,IBM,buy,3.88
2024-09-30,JNPR,buy,3.88
2024-09-30,KDP,buy,556.85
2024-09-30,LNT,buy,3.88
2024-09-30,MCO,sell,552.97
2024-09-30,MKTX,buy,3.88
2024-09-30,NDAQ,sell,552.97
2024-09-30,NI,buy,3.88
2024-09-30,O,buy,556.85
2024-09-30,PGR,sell,552.97
2024-09-30,PPL,buy,3.88
2024-09-30,PSA,sell,552.97
2024-09-30,SPGI,sell,552.97
2024-09-30,T,buy,556.85
2024-09-30,XEL,buy,3.88
2024-10-07,AEE,buy,557.7
2024-10-07,AFL,sell,3.05
2024-10-07,AIZ,sell,560.75
2024-10-07,ATO,sell,3.05
2024-10-07,CB,sell,3.05
2024-10-07,CMS,sell,3.05
2024-10-07,EIX,sell,560.75
2024-10-07,ERIE,sell,3.05
2024-10-07,ETR,sell,3.05
2024-10-07,FI,sell,3.05
2024-10-07,GEHC,sell,3.05
2024-10-07,GL,buy,557.7
2024-10-07,IBM,sell,3.05
2024-10-07,JNPR,sell,3.05
2024-10-07,KDP,sell,560.75
2024-10-07,LNT,sell,3.05
2024-10-07,MKTX,sell,3.05
2024-10-07,MSI,buy,557.7
2024-10-07,NI,sell,3.05
2024-10-07,O,sell,3.05
2024-10-07,PEG,buy,557.7
2024-10-07,PPL,sell,3.05
2024-10-07,T,sell,3.05
2024-10-07,XEL,sell,560.75
2024-10-14,ADP,buy,566.17
2024-10-14,AEE,sell,554.67
2024-10-14,AFL,buy,11.5
2024-10-14,ATO,buy,11.5
2024-10-14,CB,buy,11.5
2024-10-14,CMS,sell,554.67
2024-10-14,ERIE,buy,11.5
2024-10-14,ETR,sell,554.67
2024-10-14,FFIV,buy,566.17
2024-10-14,FI,buy,11.5
2024-10-14,GEHC,buy,11.5
2024-10-14,GL,buy,11.5
2024-10-14,IBM,buy,11.5
2024-10-14,ICE,buy,566.17
2024-10-14,JNPR,buy,11.5
2024-10-14,LNT,buy,11.5
2024-10-14,MDT,buy,566.17
2024-10-14,MKTX,buy,11.5
2024-10-14,MSI,buy,11.5
2024-10-14,NI,buy,11.5
2024-10-14,O,buy,11.5
2024-10-14,PEG,sell,554.67
2024-10-14,PPL,sell,554.67
2024-10-14,SPGI,buy,566.17
2024-10-14,T,sell,554.67
2024-10-14,TRV,buy,566.17
2024-10-21,ADP,sell,577.91
2024-10-21,AFL,sell,15.65
2024-10-21,AON,buy,562.26
2024-10-21,ATO,sell,15.65
2024-10-21,BSX,buy,562.26
2024-10-21,CB,sell,577.91
2024-10-21,ERIE,sell,577.91
2024-10-21,FFIV,sell,577.91
2024-10-21,FI,sell,15.65
2024-10-21,GEHC,sell,15.65
2024-10-21,GL,sell,15.65
2024-10-21,HAS,buy,562.26
2024-10-21,IBM,sell,15.65
2024-10-21,ICE,sell,15.65
2024-10-21,JNPR,sell,15.65
2024-10-21,LMT,buy,562.26
2024-10-21,LNT,sell,15.65
2024-10-21,LOW,buy,562.26
2024-10-21,LW,buy,562.26
2024-10-21,MDT,sell,15.65
2024-10-21,MKTX,sell,15.65
2024-10-21,MSI,sell,15.65
2024-10-21,NI,sell,15.65
2024-10-21,NOC,buy,562.26
2024-10-21,O,sell,577.91
2024-10-21,SPGI,sell,577.91
2024-10-21,TRV,sell,577.91
2024-10-28,ADSK,buy,549.44
2024-10-28,AFL,sell,547.03
2024-10-28,AON,buy,2.41
2024-10-28,ATO,sell,547.03
2024-10-28,BK,buy,549.44
2024-10-28,BKNG,buy,549.44
2024-10-28,BSX,buy,2.41
2024-10-28,ETR,buy,549.44
2024-10-28,FI,buy,2.41
2024-10-28,FIS,buy,549.44
2024-10-28,GEHC,sell,547.03
2024-10-28,GL,sell,547.03
2024-10-28,HAS,sell,547.03
2024-10-28,HLT,buy,549.44
2024-10-28,IBM,sell,547.03
2024-10-28,ICE,buy,2.41
2024-10-28,JNPR,buy,2.41
2024-10-28,LMT,sell,547.03
2024-10-28,LNT,sell,547.03
2024-10-28,LOW,sell,547.03
2024-10-28,LW,buy,2.41
2024-10-28,LYV,buy,549.44
2024-10-28,MAR,buy,549.44
2024-10-28,MDT,buy,2.41
2024-10-28,MKTX,sell,547.03
2024-10-28,MSI,sell,547.03
2024-10-28,NI,buy,2.41
2024-10-28,NOC,sell,547.03
2024-10-28,RJF,buy,549.44
2024-10-28,TDY,buy,549.44
2024-10-28,TMUS,buy,549.44
2024-10-28,UAL,buy,549.44
2024-11-04,ADSK,sell,551.85
2024-11-04,AON,sell,551.85
2024-11-04,BK,buy,26.33
2024-11-04,BKNG,buy,26.33
2024-11-04,BSX,sell,551.85
2024-11-04,CINF,buy,578.18
2024-11-04,CMCSA,buy,578.18
2024-11-04,ETR,buy,26.33
2024-11-04,FI,buy,26.33
2024-11-04,FIS,sell,551.85
2024-11-04,GILD,buy,578.18
2024-11-04,GLW,buy,578.18
2024-11-04,HLT,buy,26.33
2024-11-04,ICE,sell,551.85
2024-11-04,JNPR,buy,26.33
2024-11-04,LDOS,buy,578.18
2024-11-04,LW,buy,26.33
2024-11-04,LYV,buy,26.33
2024-11-04,MAR,buy,26.33
2024-11-04,MDT,sell,551.85
2024-11-04,NI,buy,26.33
2024-11-04,PKG,buy,578.18
2024-11-04,RJF,buy,26.33
2024-11-04,TDY,sell,551.85
2024-11-04,TMUS,sell,551.85
2024-11-04,UAL,buy,26.33
2024-11-04,WTW,buy,578.18
2024-11-04,XEL,buy,578.18
2024-11-11,BK,sell,8.86
2024-11-11,BKNG,sell,8.86
2024-11-11,CINF,sell,605.77
2024-11-11,CMCSA,sell,8.86
2024-11-11,DAL,buy,596.91
2024-11-11,ETR,sell,8.86
2024-11-11,FI,sell,8.86
2024-11-11,GILD,sell,8.86
2024-11-11,GLW,sell,8.86
2024-11-11,HLT,sell,605.77
2024-11-11,JNPR,sell,8.86
2024-11-11,K,buy,596.91
2024-11-11,LDOS,sell,8.86
2024-11-11,LW,sell,8.86
2024-11-11,LYV,sell,8.86
2024-11-11,MAR,sell,8.86
2024-11-11,NI,sell,605.77
2024-11-11,PKG,sell,8.86
2024-11-11,RJF,sell,8.86
2024-11-11,T,buy,596.91
2024-11-11,UAL,sell,8.86
2024-11-11,WMT,buy,596.91
2024-11-11,WTW,sell,605.77
2024-11-11,XEL,sell,8.86
2024-11-18,AEE,buy,605.27
2024-11-18,ATO,buy,605.27
2024-11-18,BK,buy,17.1
2024-11-18,BKNG,sell,588.17
2024-11-18,CINF,buy,605.27
2024-11-18,CMCSA,sell,588.17
2024-11-18,DAL,buy,17.1
2024-11-18,ETR,buy,17.1
2024-11-18,FDS,buy,605.27
2024-11-18,FI,buy,17.1
2024-11-18,GILD,sell,588.17
2024-11-18,GLW,sell,588.17
2024-11-18,HLT,buy,605.27
2024-11-18,JNPR,sell,588.17
2024-11-18,K,buy,17.1
2024-11-18,LDOS,sell,588.17
2024-11-18,LW,sell,588.17
2024-11-18,LYV,buy,17.1
2024-11-18,MA,buy,605.27
2024-11-18,MAR,sell,588.17
2024-11-18,NI,buy,605.27
2024-11-18,PKG,buy,17.1
2024-11-18,RJF,buy,17.1
2024-11-18,T,buy,17.1
2024-11-18,TMUS,buy,605.27
2024-11-18,UAL,buy,17.1
2024-11-18,WMT,buy,17.1
2024-11-18,XEL,buy,17.1
2024-11-25,AEE,buy,5.15
2024-11-25,ATO,buy,5.15
2024-11-25,BK,buy,5.15
2024-11-25,BKNG,buy,628.01
2024-11-25,CINF,buy,5.15
2024-11-25,CMCSA,buy,628.01
2024-11-25,CRM,buy,628.01
2024-11-25,DAL,sell,622.86
2024-11-25,ETR,buy,5.15
2024-11-25,FDS,sell,622.86
2024-11-25,FI,buy,5.15
2024-11-25,HLT,buy,5.15
2024-11-25,K,buy,5.15
2024-11-25,LYV,buy,5.15
2024-11-25,MA,sell,622.86
2024-11-25,NI,buy,5.15
2024-11-25,PKG,buy,5.15
2024-11-25,RCL,buy,628.01
2024-11-25,RJF,buy,5.15
2024-11-25,T,buy,5.15
2024-11-25,TMUS,buy,5.15
2024-11-25,UAL,buy,5.15
2024-11-25,WMT,sell,622.86
2024-11-25,XEL,buy,5.15
2024-12-02,AEE,sell,633.2
2024-12-02,AMP,buy,627.85
2024-12-02,APO,buy,627.85
2024-12-02,ATO,sell,633.2
2024-12-02,BK,sell,5.35
2024-12-02,BKNG,sell,5.35
2024-12-02,CINF,sell,633.2
2024-12-02,CMCSA,sell,633.2
2024-12-02,CRM,sell,633.2
2024-12-02,CSCO,buy,627.85
2024-12-02,CVX,buy,627.85
2024-12-02,ETR,sell,5.35
2024-12-02,FI,sell,5.35
2024-12-02,HLT,sell,5.35
2024-12-02,K,sell,5.35
2024-12-02,LYV,sell,5.35
2024-12-02,NI,sell,633.2
2024-12-02,NTRS,buy,627.85
2024-12-02,PKG,sell,5.35
2024-12-02,PNR,buy,627.85
2024-12-02,PTC,buy,627.85
2024-12-02,RCL,sell,5.35
2024-12-02,RJF,sell,5.35
2024-12-02,T,sell,633.2
2024-12-02,TMUS,sell,5.35
2024-12-02,UAL,sell,5.35
2024-12-02,XEL,sell,5.35
2024-12-09,AMP,sell,622.55
2024-12-09,APO,sell,13.21
2024-12-09,BK,sell,13.21
2024-12-09,BKNG,sell,13.21
2024-12-09,CMI,buy,609.34
2024-12-09,CSCO,sell,13.21
2024-12-09,CVX,sell,622.55
2024-12-09,ETR,sell,622.55
2024-12-09,FI,sell,622.55
2024-12-09,GEN,buy,609.34
2024-12-09,HLT,sell,13.21
2024-12-09,K,sell,13.21
2024-12-09,LYV,sell,13.21
2024-12-09,MAR,buy,609.34
2024-12-09,NFLX,buy,609.34
2024-12-09,NTRS,sell,622.55
2024-12-09,PKG,sell,622.55
2024-12-09,PNR,sell,13.21
2024-12-09,PTC,sell,13.21
2024-12-09,RCL,sell,13.21
2024-12-09,RJF,sell,13.21
2024-12-09,STT,buy,609.34
2024-12-09,T,buy,609.34
2024-12-09,TMUS,sell,13.21
2024-12-09,UAL,sell,13.21
2024-12-09,WFC,buy,609.34
2024-12-09,XEL,sell,622.55
2024-12-16,APO,sell,596.42
2024-12-16,BK,sell,7.82
2024-12-16,BKNG,sell,7.82
2024-12-16,CME,buy,588.6
2024-12-16,CMI,sell,596.42
2024-12-16,CSCO,sell,596.42
2024-12-16,FFIV,buy,588.6
2024-12-16,FOX,buy,588.6
2024-12-16,FOXA,buy,588.6
2024-12-16,GEN,sell,596.42
2024-12-16,HLT,sell,7.82
2024-12-16,K,sell,7.82
2024-12-16,LYV,sell,7.82
2024-12-16,MA,buy,588.6
2024-12-16,MAR,sell,596.42
2024-12-16,MSCI,buy,588.6
2024-12-16,NFLX,sell,7.82
2024-12-16,PNR,sell,7.82
2024-12-16,PTC,sell,7.82
2024-12-16,RCL,sell,596.42
2024-12-16,RJF,sell,596.42
2024-12-16,ROK,buy,588.6
2024-12-16,STT,sell,7.82
2024-12-16,T,sell,7.82
2024-12-16,TMUS,sell,596.42
2024-12-16,TTWO,buy,588.6
2024-12-16,UAL,sell,7.82
2024-12-16,WFC,sell,596.42
2024-12-16,WMT,buy,588.6
2024-12-23,AAPL,buy,581.83
2024-12-23,BK,buy,0.95
2024-12-23,BKNG,sell,580.88
2024-12-23,CME,buy,0.95
2024-12-23,CSCO,buy,581.83
2024-12-23,ETR,buy,581.83
2024-12-23,EW,buy,581.83
2024-12-23,FFIV,sell,580.88
2024-12-23,FOX,buy,0.95
2024-12-23,FOXA,buy,0.95
2024-12-23,GDDY,buy,581.83
2024-12-23,HLT,buy,0.95
2024-12-23,K,buy,0.95
2024-12-23,LYV,buy,0.95
2024-12-23,MA,buy,0.95
2024-12-23,MSCI,sell,580.88
2024-12-23,NFLX,buy,0.95
2024-12-23,NOW,buy,581.83
2024-12-23,PNR,sell,580.88
2024-12-23,PTC,sell,580.88
2024-12-23,ROK,buy,0.95
2024-12-23,STT,buy,0.95
2024-12-23,T,sell,580.88
2024-12-23,TTWO,sell,580.88
2024-12-23,UAL,buy,0.95
2024-12-23,V,buy,581.83
2024-12-23,WMT,buy,0.95
2024-12-30,AAPL,sell,6.16
2024-12-30,BK,sell,6.16
2024-12-30,CME,sell,6.16
2024-12-30,CSCO,sell,6.16
2024-12-30,ETR,sell,6.16
2024-12-30,EW,sell,6.16
2024-12-30,FOX,sell,6.16
2024-12-30,FOXA,sell,6.16
2024-12-30,GDDY,sell,6.16
2024-12-30,HLT,sell,6.16
2024-12-30,K,sell,6.16
2024-12-30,LYV,sell,582.79
2024-12-30,MA,sell,6.16
2024-12-30,NFLX,sell,6.16
2024-12-30,NOW,sell,582.79
2024-12-30,NTRS,buy,576.63
2024-12-30,ROK,sell,6.16
2024-12-30,STT,sell,6.16
2024-12-30,TTWO,buy,576.63
2024-12-30,UAL,sell,6.16
2024-12-30,V,sell,6.16
2024-12-30,WMT,sell,582.79
2024-12-30,WST,buy,576.63
2025-01-06,AAPL,sell,570.54
2025-01-06,AXP,buy,560.05
2025-01-06,BK,sell,10.49
2025-01-06,CME,sell,10.49
2025-01-06,CSCO,sell,10.49
2025-01-06,ETR,sell,10.49
2025-01-06,EW,sell,10.49
2025-01-06,FOX,sell,10.49
2025-01-06,FOXA,sell,10.49
2025-01-06,GDDY,sell,570.54
2025-01-06,HLT,sell,10.49
2025-01-06,JPM,buy,560.05
2025-01-06,K,sell,10.49
2025-01-06,MA,sell,10.49
2025-01-06,NFLX,sell,570.54
2025-01-06,NTRS,sell,570.54
2025-01-06,REG,buy,560.05
2025-01-06,ROK,sell,570.54
2025-01-06,STT,sell,10.49
2025-01-06,T,buy,560.05
2025-01-06,TTWO,sell,10.49
2025-01-06,UAL,sell,570.54
2025-01-06,V,sell,10.49
2025-01-06,VRSN,buy,560.05
2025-01-06,WMT,buy,560.05
2025-01-06,WST,sell,10.49
2025-01-13,AXP,sell,549.76
2025-01-13,BK,sell,549.76
2025-01-13,C,buy,563.44
2025-01-13,CAH,buy,563.44
2025-01-13,CME,buy,13.68
2025-01-13,CSCO,buy,13.68
2025-01-13,DGX,buy,563.44
2025-01-13,ETR,buy,13.68
2025-01-13,EW,buy,13.68
2025-01-13,FFIV,buy,563.44
2025-01-13,FOX,buy,13.68
2025-01-13,FOXA,buy,13.68
2025-01-13,HLT,sell,549.76
2025-01-13,JBL,buy,563.44
2025-01-13,JPM,sell,549.76
2025-01-13,K,buy,13.68
2025-01-13,MA,sell,549.76
2025-01-13,REG,sell,549.76
2025-01-13,STT,buy,13.68
2025-01-13,T,sell,549.76
2025-01-13,TPR,buy,563.44
2025-01-13,TTWO,sell,549.76
2025-01-13,UAL,buy,563.44
2025-01-13,V,buy,13.68
2025-01-13,VRSN,buy,13.68
2025-01-13,WMT,buy,13.68
2025-01-13,WST,buy,13.68
2025-01-13,WTW,buy,563.44
2025-01-20,AXP,buy,589.13
2025-01-20,BSX,buy,589.13
2025-01-20,C,buy,11.66
2025-01-20,CAH,buy,11.66
2025-01-20,CME,buy,11.66
2025-01-20,CSCO,buy,11.66
2025-01-20,DGX,sell,577.46
2025-01-20,ETR,buy,11.66
2025-01-20,EW,sell,577.46
2025-01-20,FFIV,buy,11.66
2025-01-20,FOX,buy,11.66
2025-01-20,FOXA,buy,11.66
2025-01-20,JBL,buy,11.66
2025-01-20,K,buy,11.66
2025-01-20,STT,buy,11.66
2025-01-20,TJX,buy,589.13
2025-01-20,TPR,buy,11.66
2025-01-20,UAL,buy,11.66
2025-01-20,V,buy,11.66
2025-01-20,VRSN,buy,11.66
2025-01-20,WMT,sell,577.46
2025-01-20,WST,buy,11.66
2025-01-20,WTW,buy,11.66
2025-01-27,ACN,buy,601.36
2025-01-27,AXP,buy,0.34
2025-01-27,AZO,buy,601.36
2025-01-27,BDX,buy,601.36
2025-01-27,BSX,buy,0.34
2025-01-27,C,sell,601.02
2025-01-27,CAH,buy,0.34
2025-01-27,CME,buy,0.34
2025-01-27,CSCO,buy,0.34
2025-01-27,DECK,buy,601.36
2025-01-27,ETR,sell,601.02
2025-01-27,FFIV,buy,0.34
2025-01-27,FOX,buy,0.34
2025-01-27,FOXA,buy,0.34
2025-01-27,JBL,buy,0.34
2025-01-27,K,buy,0.34
2025-01-27,STT,buy,0.34
2025-01-27,TJX,buy,0.34
2025-01-27,TPR,buy,0.34
2025-01-27,UAL,sell,601.02
2025-01-27,V,buy,0.34
2025-01-27,VRSN,buy,0.34
2025-01-27,WST,buy,0.34
2025-01-27,WTW,sell,601.02
2025-02-03,ACN,sell,601.69
2025-02-03,AXP,sell,601.69
2025-02-03,AZO,buy,7.74
2025-02-03,BDX,buy,7.74
2025-02-03,BSX,buy,7.74
2025-02-03,CAH,sell,601.69
2025-02-03,CME,buy,7.74
2025-02-03,CSCO,buy,7.74
2025-02-03,DECK,sell,601.69
2025-02-03,FFIV,buy,7.74
2025-02-03,FOX,buy,7.74
2025-02-03,FOXA,buy,7.74
2025-02-03,GDDY,buy,609.43
2025-02-03,JBL,sell,601.69
2025-02-03,K,buy,7.74
2025-02-03,ORLY,buy,609.43
2025-02-03,PODD,buy,609.43
2025-02-03,STT,buy,7.74
2025-02-03,TJX,buy,7.74
2025-02-03,TPR,buy,7.74
2025-02-03,V,buy,7.74
2025-02-03,VRSN,buy,7.74
2025-02-03,WMT,buy,609.43
2025-02-03,WST,buy,7.74
2025-02-03,WTW,buy,609.43
2025-02-10,APTV,buy,627.8
2025-02-10,AZO,buy,10.53
2025-02-10,BDX,sell,617.27
2025-02-10,BSX,buy,10.53
2025-02-10,CME,buy,10.53
2025-02-10,CSCO,buy,10.53
2025-02-10,FFIV,buy,10.53
2025-02-10,FOX,buy,10.53
2025-02-10,FOXA,buy,10.53
2025-02-10,GDDY,sell,617.27
2025-02-10,GILD,buy,627.8
2025-02-10,GRMN,buy,627.8
2025-02-10,K,buy,10.53
2025-02-10,MTD,buy,627.8
2025-02-10,ORLY,buy,10.53
2025-02-10,PODD,buy,10.53
2025-02-10,RL,buy,627.8
2025-02-10,STT,sell,617.27
2025-02-10,TJX,sell,617.27
2025-02-10,TMO,buy,627.8
2025-02-10,TPR,buy,10.53
2025-02-10,V,buy,10.53
2025-02-10,VRSN,buy,10.53
2025-02-10,WMT,buy,10.53
2025-02-10,WST,sell,617.27
2025-02-10,WTW,sell,617.27
2025-02-17,APTV,sell,10.89
2025-02-17,AZO,sell,10.89
2025-02-17,BSX,sell,10.89
2025-02-17,CME,sell,10.89
2025-02-17,CSCO,sell,10.89
2025-02-17,FFIV,sell,10.89
2025-02-17,FOX,sell,10.89
2025-02-17,FOXA,sell,10.89
2025-02-17,FTNT,buy,627.63
2025-02-17,GILD,sell,638.51
2025-02-17,GRMN,sell,638.51
2025-02-17,JBL,buy,627.63
2025-02-17,K,sell,10.89
2025-02-17,MA,buy,627.63
2025-02-17,META,buy,627.63
2025-02-17,MTD,sell,638.51
2025-02-17,ORLY,sell,10.89
2025-02-17,PODD,sell,10.89
2025-02-17,RL,sell,10.89
2025-02-17,TMO,sell,638.51
2025-02-17,TPR,sell,10.89
2025-02-17,V,sell,10.89
2025-02-17,VRSN,sell,10.89
2025-02-17,WMT,sell,10.89
2025-02-24,ADP,buy,622.85
2025-02-24,APTV,buy,5.92
2025-02-24,AZO,buy,5.92
2025-02-24,BSX,buy,5.92
2025-02-24,CME,buy,5.92
2025-02-24,CSCO,buy,5.92
2025-02-24,FFIV,sell,616.93
2025-02-24,FOX,buy,5.92
2025-02-24,FOXA,buy,5.92
2025-02-24,FTNT,buy,5.92
2025-02-24,GILD,buy,622.85
2025-02-24,JBL,sell,616.93
2025-02-24,K,buy,5.92
2025-02-24,KO,buy,622.85
2025-02-24,LH,buy,622.85
2025-02-24,MA,sell,616.93
2025-02-24,META,sell,616.93
2025-02-24,ORLY,buy,5.92
2025-02-24,PAYX,buy,622.85
2025-02-24,PODD,buy,5.92
2025-02-24,RL,buy,5.92
2025-02-24,TPR,buy,5.92
2025-02-24,V,buy,5.92
2025-02-24,VRSN,buy,5.92
2025-02-24,WMT,sell,616.93
2025-03-03,ADP,sell,628.82
2025-03-03,AEP,buy,623.79
2025-03-03,AMGN,buy,623.79
2025-03-03,APTV,sell,5.03
2025-03-03,AZO,sell,628.82
2025-03-03,BSX,sell,5.03
2025-03-03,CME,sell,5.03
2025-03-03,CNP,buy,623.79
2025-03-03,CSCO,sell,628.82
2025-03-03,DGX,buy,623.79
2025-03-03,EXC,buy,623.79
2025-03-03,FOX,sell,5.03
2025-03-03,FOXA,sell,5.03
2025-03-03,FTNT,sell,628.82
2025-03-03,GILD,sell,5.03
2025-03-03,GL,buy,623.79
2025-03-03,JNJ,buy,623.79
2025-03-03,K,sell,5.03
2025-03-03,KO,sell,628.82
2025-03-03,LH,sell,5.03
2025-03-03,ORLY,sell,628.82
2025-03-03,PAYX,sell,5.03
2025-03-03,PODD,sell,628.82
2025-03-03,RL,sell,628.82
2025-03-03,SO,buy,623.79
2025-03-03,TPR,sell,5.03
2025-03-03,V,sell,5.03
2025-03-03,VRSN,sell,5.03
2025-03-10,ABBV,buy,609.66
2025-03-10,AEP,sell,9.14
2025-03-10,AMGN,sell,9.14
2025-03-10,APTV,sell,9.14
2025-03-10,BRO,buy,609.66
2025-03-10,BSX,sell,618.8
2025-03-10,CI,buy,609.66
2025-03-10,CME,sell,9.14
2025-03-10,CNP,sell,618.8
2025-03-10,DGX,sell,9.14
2025-03-10,EXC,sell,9.14
2025-03-10,FOX,sell,618.8
2025-03-10,FOXA,sell,618.8
2025-03-10,GILD,sell,9.14
2025-03-10,GL,sell,9.14
2025-03-10,JNJ,sell,9.14
2025-03-10,K,sell,9.14
2025-03-10,LH,sell,9.14
2025-03-10,MCK,buy,609.66
2025-03-10,PAYX,sell,9.14
2025-03-10,RSG,buy,609.66
2025-03-10,SO,sell,9.14
2025-03-10,TPR,sell,618.8
2025-03-10,V,sell,618.8
2025-03-10,VRSN,sell,9.14
2025-03-10,WEC,buy,609.66
2025-03-17,ABBV,sell,600.66
2025-03-17,AEP,buy,7.76
2025-03-17,AMGN,buy,7.76
2025-03-17,APTV,sell,600.66
2025-03-17,BRO,buy,7.76
2025-03-17,CI,buy,7.76
2025-03-17,CME,buy,7.76
2025-03-17,COR,buy,608.42
2025-03-17,DGX,sell,600.66
2025-03-17,ELV,buy,608.42
2025-03-17,EXC,buy,7.76
2025-03-17,GILD,sell,600.66
2025-03-17,GL,buy,7.76
2025-03-17,JNJ,buy,7.76
2025-03-17,K,buy,7.76
2025-03-17,LH,sell,600.66
2025-03-17,MCK,buy,7.76
2025-03-17,PAYX,sell,600.66
2025-03-17,PGR,buy,608.42
2025-03-17,ROL,buy,608.42
2025-03-17,RSG,buy,7.76
2025-03-17,SO,buy,7.76
2025-03-17,VICI,buy,608.42
2025-03-17,VRSN,buy,7.76
2025-03-17,VRTX,buy,608.42
2025-03-17,WEC,buy,7.76
